Subject,MAE (m),RMSE (m),Actual distance (m),Predicted distance (m),Absolute diff (m),Relative error (%)
10_0,66.04,81.98,432.86,279.43,153.43,35.45
10_10,21.29,29.05,157.71,222.7,65.0,41.21
10_12,5.96,7.69,227.34,251.44,24.1,10.6
10_14,46.46,59.85,375.91,269.44,106.47,28.32
10_16,74.11,85.36,157.6,287.0,129.4,82.11
10_2,15.03,20.07,411.38,468.23,56.86,13.82
10_5,13.51,15.26,441.97,464.58,22.61,5.12
10_6,20.25,24.35,472.58,419.85,52.73,11.16
10_8,19.28,25.43,231.59,288.13,56.55,24.42
11_0,32.52,36.66,468.64,409.47,59.17,12.63
11_10,10.83,12.71,390.67,409.86,19.19,4.91
11_12,59.08,72.22,349.89,216.15,133.73,38.22
11_14,77.7,87.73,224.25,353.77,129.52,57.76
11_2,8.05,9.13,434.08,456.14,22.06,5.08
11_5,22.1,25.24,489.56,442.48,47.09,9.62
11_6,48.77,57.92,417.68,319.98,97.71,23.39
11_8,37.26,45.67,250.22,332.62,82.4,32.93
12_0,32.12,35.92,443.89,394.08,49.81,11.22
12_1,9.21,11.14,402.06,401.32,0.73,0.18
12_10,15.24,17.94,260.27,232.61,27.66,10.63
12_11,39.29,46.42,261.23,181.73,79.51,30.44
12_12,26.19,31.26,253.75,220.2,33.56,13.22
12_13,77.11,88.11,143.81,272.45,128.64,89.45
12_2,19.37,20.83,426.23,410.23,16.0,3.75
12_3,17.98,19.98,413.25,442.35,29.1,7.04
12_4,13.52,17.9,282.08,249.73,32.36,11.47
12_5,2.82,3.38,254.06,252.86,1.19,0.47
12_6,6.7,8.14,250.65,235.05,15.6,6.23
12_7,28.36,36.74,236.35,300.49,64.14,27.14
12_8,40.56,48.74,299.77,215.64,84.13,28.06
12_9,11.21,13.14,223.62,244.87,21.26,9.51
13_0,6.83,8.64,407.82,405.31,2.52,0.62
13_10,27.13,27.75,404.16,426.42,22.25,5.51
13_11,126.03,136.26,433.22,274.14,159.08,36.72
13_12,81.09,92.86,152.47,292.63,140.17,91.93
13_2,9.23,10.93,434.5,447.33,12.83,2.95
13_4,38.58,44.1,330.9,270.48,60.42,18.26
13_5,16.89,19.6,395.28,410.56,15.29,3.87
13_6,19.23,22.05,296.73,254.85,41.88,14.11
13_7,3.39,4.31,225.48,238.0,12.52,5.55
13_8,8.17,12.27,396.45,365.96,30.49,7.69
13_9,22.48,29.71,366.34,412.44,46.11,12.59
14_0,20.8,22.41,447.17,481.15,33.97,7.6
14_1,6.64,9.23,484.25,453.01,31.24,6.45
14_10,7.49,9.06,444.96,455.96,11.01,2.47
14_11,58.75,60.99,394.65,474.33,79.68,20.19
14_12,11.45,12.57,473.57,457.46,16.12,3.4
14_13,12.58,15.03,454.2,479.07,24.88,5.48
14_14,3.84,4.82,464.0,463.99,0.01,0.0
14_2,24.74,29.54,465.46,526.54,61.08,13.12
14_3,14.27,17.56,575.4,609.67,34.27,5.96
14_4,5.18,5.53,628.19,619.25,8.94,1.42
14_5,128.12,148.11,598.22,344.64,253.58,42.39
14_6,12.68,16.46,342.73,380.17,37.44,10.92
14_7,28.81,30.54,364.28,399.43,35.15,9.65
14_8,42.82,51.86,371.26,466.56,95.3,25.67
14_9,51.31,58.14,467.89,367.09,100.8,21.54
16_0,13.78,18.6,337.07,380.16,43.09,12.79
16_1,30.89,36.84,367.71,442.19,74.48,20.26
16_2,10.41,13.72,443.76,465.52,21.77,4.91
16_3,9.55,10.39,484.77,493.38,8.61,1.78
16_4,36.18,39.13,511.53,469.29,42.24,8.26
18_0,34.55,40.0,319.68,392.78,73.1,22.87
18_1,41.85,51.67,371.31,477.01,105.69,28.46
18_2,29.4,32.29,464.67,488.35,23.69,5.1
18_3,23.97,26.51,483.92,522.52,38.6,7.98
18_4,24.74,26.74,515.13,495.11,20.02,3.89
3_1,6.58,7.4,476.61,466.53,10.07,2.11
3_2,7.34,7.81,440.19,443.68,3.49,0.79
3_3,25.23,29.79,481.19,534.78,53.6,11.14
3_4,19.61,24.44,522.94,472.11,50.84,9.72
4_0,7.81,10.65,461.19,480.17,18.98,4.12
4_1,11.89,12.97,478.11,468.38,9.73,2.04
4_2,6.45,8.05,441.4,452.48,11.08,2.51
4_3,2.6,3.79,452.75,463.86,11.11,2.45
4_4,51.35,57.14,465.68,380.09,85.59,18.38
4_5,17.31,18.03,366.37,382.82,16.45,4.49
4_6,29.43,32.18,363.18,319.3,43.89,12.08
4_7,49.52,62.83,324.5,454.87,130.37,40.18
4_8,29.99,33.87,490.45,446.92,43.53,8.88
4_9,62.42,70.57,477.77,361.92,115.85,24.25
5_0,2.41,2.97,351.7,353.22,1.52,0.43
5_1,7.02,9.3,315.51,324.24,8.73,2.77
5_2,30.08,36.53,263.42,343.04,79.62,30.23
5_3,50.49,59.74,326.77,210.14,116.63,35.69
5_4,61.8,73.84,175.32,315.6,140.28,80.01
5_5,14.49,17.23,296.28,316.5,20.22,6.83
5_6,36.7,43.67,268.93,348.25,79.32,29.49
5_7,50.95,55.27,310.33,225.29,85.04,27.4
5_8,30.68,34.23,199.75,258.88,59.13,29.6
5_9,30.41,37.17,261.61,317.19,55.58,21.24
6_0,27.15,31.65,493.59,433.91,59.68,12.09
6_1,16.17,20.88,496.23,446.97,49.27,9.93
6_2,64.53,78.65,501.07,366.22,134.86,26.91
6_3,16.55,19.16,472.5,449.07,23.43,4.96
6_4,22.02,26.43,347.25,292.38,54.87,15.8
6_5,13.75,15.03,346.99,337.58,9.41,2.71
6_6,2.89,3.68,190.82,190.63,0.19,0.1
6_7,14.72,15.92,274.84,253.0,21.84,7.95
6_8,20.63,23.25,274.93,236.05,38.88,14.14
6_9,34.7,40.83,249.38,177.4,71.98,28.86
7_0,75.63,95.57,591.97,406.19,185.78,31.38
7_1,35.48,53.96,512.4,374.66,137.74,26.88
7_2,33.58,47.93,598.13,464.67,133.47,22.31
7_3,25.22,33.74,504.02,425.09,78.93,15.66
7_4,29.41,37.81,598.14,524.71,73.44,12.28
7_5,21.47,25.1,466.4,424.19,42.22,9.05
7_6,79.92,98.44,549.24,357.97,191.26,34.82
7_7,73.26,88.07,628.3,465.98,162.32,25.84
7_8,85.93,106.01,549.04,358.36,190.68,34.73
7_9,53.07,69.07,555.7,410.63,145.07,26.11
8_0,40.64,46.66,546.1,465.0,81.11,14.85
8_1,34.04,41.86,554.98,480.21,74.77,13.47
8_10,6.74,7.75,351.21,342.13,9.08,2.59
8_2,27.59,30.33,505.98,547.63,41.65,8.23
8_3,10.81,12.55,545.51,527.76,17.75,3.25
8_5,52.41,56.57,479.18,399.01,80.17,16.73
8_6,6.3,7.33,253.27,266.91,13.64,5.38
8_7,15.03,15.58,417.34,394.8,22.55,5.4
8_8,41.39,52.23,549.81,454.32,95.49,17.37
8_9,39.61,43.03,489.72,429.85,59.87,12.23
Average,29.96,35.43,397.6,381.75,59.6,16.92
