,ms,latitude,longitude,altitude,confInterval,heading,speed
0,-33002.0,51.752,-1.2577,169.89999389648438,104.0999984741211,194.3812713623047,0.15414197742938995
1,-32956.0,51.752,-1.2577,169.89999389648438,104.0999984741211,194.3812713623047,0.15414197742938995
2,-31845.0,51.75198359950907,-1.2580401668127947,169.89999389648438,43.14099884033203,,
3,-25104.0,51.75237009806612,-1.2574569863384877,169.79998779296875,35.893001556396484,43.05022430419922,3.2761616706848145
4,-20098.0,51.75243109800841,-1.257340349404486,169.79998779296875,36.108001708984375,45.84678268432617,2.648047685623169
5,-15125.0,51.75244019796894,-1.2574368011996968,169.89999389648438,53.66299819946289,16.48542594909668,1.0785530805587769
6,-12921.0,51.75235519786101,-1.257596295018802,169.89999389648438,68.11199951171875,266.236328125,0.771176815032959
7,-11932.0,51.75230679782778,-1.257684792141851,169.89999389648438,67.0770034790039,246.83709716796875,1.367053508758545
8,-10936.0,51.75211499779944,-1.2577665279496661,169.89999389648438,58.30799865722656,214.1595458984375,2.9516029357910156
9,-10087.0,51.75224849767229,-1.257593412362553,169.79998779296875,47.191001892089844,203.8799285888672,0.8458827137947083
10,-9606.0,51.7522590976689,-1.2575650734329282,169.79998779296875,42.358001708984375,190.23001098632812,0.6092646718025208
11,-8598.0,51.752266997667256,-1.2575454847681533,169.79998779296875,36.834999084472656,167.6500244140625,0.4093768000602722
12,-7595.0,51.75214369756751,-1.2576988137508267,169.79998779296875,28.482999801635742,268.4197692871094,0.8746445178985596
13,-6575.0,51.75206199752523,-1.257798646539006,169.79998779296875,20.761999130249023,273.568115234375,0.4559949040412903
14,-5565.0,51.75201799750905,-1.2578603956528163,169.79998779296875,16.98699951171875,290.3641357421875,0.5941755175590515
15,-5036.0,51.75201989750903,-1.257862881524436,169.59999084472656,73.1760025024414,324.3399658203125,0.3454258143901825
16,-4577.0,51.75202069750902,-1.2578642736125767,169.59999084472656,17.608999252319336,358.28497314453125,0.3482540249824524
17,-3821.0,51.75202139750898,-1.2578659640053222,169.59999084472656,17.808000564575195,18.61151695251465,0.44635942578315735
18,-2898.0,51.752017797508856,-1.257871333488677,169.59999084472656,16.98900032043457,16.668312072753906,0.265449583530426
19,-2116.0,51.752010997508556,-1.257879984323596,169.59999084472656,15.968999862670898,,0.07826894521713257
20,-1699.0,51.752008497508506,-1.257883365109336,169.59999084472656,15.710000038146973,,0.045527417212724686
21,-1259.0,51.75200419750835,-1.2578893312020611,169.59999084472656,15.265000343322754,,0.014784609898924828
22,-737.0,51.752002397508335,-1.25789171763902,169.59999084472656,15.119999885559082,,0.0048781814984977245
23,-5.0,51.75199929750825,-1.2578960927735736,169.89999389648438,14.848999977111816,,0.006003461312502623
24,466.0,51.751997997508234,-1.257898081471019,169.89999389648438,14.541000366210938,,0.008403711020946503
25,1448.0,51.75199669750821,-1.2579005673428267,169.89999389648438,13.845999717712402,,0.006483802106231451
26,2458.0,51.75199539750819,-1.2579033515192517,169.89999389648438,13.70199966430664,,0.006471660919487476
27,2700.0,51.75199499750806,-1.2579090193068618,169.89999389648438,13.5600004196167,306.7241516113281,0.22807317972183228
28,3335.0,51.75199519750798,-1.2579138916154442,169.89999389648438,13.428999900817871,322.5605773925781,0.33668458461761475
29,3980.0,51.75199629750776,-1.257920752621269,169.89999389648438,13.17199993133545,339.0576171875,0.5613966584205627
30,4468.0,51.75199819750771,-1.2579241334066866,169.89999389648438,12.967000007629395,348.8298645019531,0.6748297810554504
31,5003.0,51.752000597507624,-1.2579286079755705,169.79998779296875,12.8149995803833,358.1231384277344,0.8163231015205383
32,5295.0,51.75200289750761,-1.2579305966728553,169.79998779296875,12.807000160217285,2.668165445327759,0.8690503239631653
33,5958.0,51.752008497507354,-1.2579383525916914,169.79998779296875,12.350000381469727,1.7159514427185059,0.8161570429801941
34,6446.0,51.75201209750729,-1.2579422305512784,169.79998779296875,11.970999717712402,1.5908974409103394,0.7491757869720459
35,7397.0,51.7520207975071,-1.257948793251365,169.79998779296875,11.458000183105469,1.5108810663223267,0.8497716784477234
36,8158.0,51.75203019750708,-1.257951776296807,169.79998779296875,10.678000450134277,10.163017272949219,0.8851792216300964
37,8697.0,51.75203639750706,-1.2579504836436923,169.79998779296875,9.791999816894531,19.55938720703125,0.8509320616722107
38,9358.0,51.752041297507006,-1.2579469039888131,169.79998779296875,9.430000305175781,30.550119400024414,0.8036353588104248
39,9993.0,51.75204449750686,-1.2579408384622663,170.09999084472656,8.324999809265137,57.342254638671875,0.5923609733581543
40,10476.0,51.75204569750674,-1.2579356678492444,170.09999084472656,7.451000213623047,84.95014190673828,0.5359581708908081
41,11360.0,51.75204529750647,-1.257927613624828,170.09999084472656,7.406000137329102,102.77283477783203,0.5048195719718933
42,11950.0,51.75204389750641,-1.2579240339694517,170.09999084472656,7.105000019073486,108.68185424804688,0.2857300043106079
43,12478.0,51.75204299750641,-1.2579223435766538,170.09999084472656,7.080999851226807,114.42193603515625,0.14438587427139282
44,13196.0,51.75203959750625,-1.2579163774840907,170.09999084472656,7.080999851226807,136.48338317871094,0.4492022693157196
45,13774.0,51.75203419750578,-1.2579058373867504,170.09999084472656,7.045000076293945,136.94654846191406,0.7285590171813965
46,14452.0,51.7520304975055,-1.2578978825965985,170.09999084472656,7.058000087738037,131.50015258789062,0.7655053734779358
47,15031.0,51.75202719750505,-1.2578874419346093,169.79998779296875,7.089000225067139,122.01143646240234,0.8436527252197266
48,15460.0,51.75202509750466,-1.2578776973170076,169.79998779296875,7.144999980926514,107.48947143554688,0.8834288120269775
49,16233.0,51.75202459750393,-1.257864571914171,169.79998779296875,7.091000080108643,95.37149810791016,0.8449620008468628
50,16463.0,51.75202519750385,-1.2578601967799992,169.79998779296875,7.050000190734863,91.6905746459961,0.7956690192222595
51,17410.0,51.752029297502865,-1.257844983246457,169.79998779296875,7.107999801635742,84.98216247558594,0.7982819676399231
52,17442.0,51.75203409750274,-1.2578393154595444,169.79998779296875,7.0279998779296875,81.6082992553711,0.8211113810539246
53,18086.0,51.75203909750227,-1.257828974234357,169.79998779296875,6.942999839782715,78.38692474365234,0.8227217197418213
54,18711.0,51.752047797501824,-1.2578186330100345,169.79998779296875,6.89900016784668,72.72859954833984,0.835881769657135
55,19349.0,51.752052797501534,-1.2578103799168792,169.79998779296875,6.9679999351501465,70.15370178222656,0.8452567458152771
56,20072.0,51.752060597501206,-1.2578015302151426,169.59999084472656,6.914999961853027,66.11966705322266,0.8701375722885132
57,20476.0,51.752062997501156,-1.2577979505600814,169.59999084472656,6.9029998779296875,65.95728302001953,0.8688234090805054
58,21348.0,51.752067097500955,-1.2577909901199522,169.59999084472656,6.965000152587891,65.62674713134766,0.8592913746833801
59,21438.0,51.75206819750094,-1.257790194641028,169.59999084472656,7.065000057220459,65.43388366699219,0.8543290495872498
60,21960.0,51.75207089750081,-1.2577844274190324,169.59999084472656,7.144999980926514,64.40189361572266,0.8598657846450806
61,22541.0,51.752074697500674,-1.2577788590669008,169.59999084472656,7.61299991607666,62.82050323486328,0.8799279928207397
62,23225.0,51.752078297500425,-1.2577713020175514,169.59999084472656,7.882999897003174,62.19086837768555,0.8948085904121399
63,23825.0,51.75208269750026,-1.2577651370563545,169.59999084472656,8.468999862670898,60.984981536865234,0.9175283312797546
64,24450.0,51.75208669750007,-1.2577583754859556,169.59999084472656,8.75100040435791,60.276893615722656,0.926357626914978
65,25024.0,51.75208929750004,-1.2577546963960673,169.59999084472656,9.121000289916992,62.28630065917969,0.8638697862625122
66,25462.0,51.75208909749996,-1.2577506195664794,169.59999084472656,9.493000030517578,64.41947937011719,0.8082484006881714
67,26367.0,51.752088897499526,-1.2577404772099423,169.59999084472656,10.11299991607666,66.67378234863281,0.7714700102806091
68,27066.0,51.752087897499536,-1.2577401789053333,169.59999084472656,10.425000190734863,59.90209197998047,0.5141111016273499
69,27466.0,51.75208779749938,-1.2577461449974023,169.59999084472656,10.520999908447266,23.697120666503906,0.2720181345939636
70,28266.0,51.75208739749939,-1.257746045562534,169.59999084472656,10.678999900817871,14.067168235778809,0.23513293266296387
71,28903.0,51.75208609749939,-1.2577462444322751,169.59999084472656,10.800000190734863,14.485271453857422,0.189308300614357
72,29456.0,51.75208519749938,-1.257746841041493,169.59999084472656,10.831000328063965,14.557549476623535,0.1538325548171997
73,29715.0,51.75208369749935,-1.2577486308691705,169.59999084472656,10.819000244140625,13.4537992477417,0.11458151787519455
74,30265.0,51.75208029749936,-1.2577485314342955,169.59999084472656,10.866000175476074,,0.075309619307518
75,30923.0,51.752075697499365,-1.2577485314342955,169.59999084472656,10.819000244140625,,0.030747266486287117
76,31462.0,51.752072897499346,-1.2577502218271546,169.59999084472656,10.800000190734863,,0.026872457936406136
77,32141.0,51.752067497499226,-1.2577555913106688,169.59999084472656,10.74899959564209,219.54833984375,0.10688813030719757
78,32450.0,51.752064597499164,-1.2577590715312748,169.59999084472656,10.788000106811523,217.76710510253906,0.14871817827224731
79,33451.0,51.7520582974988,-1.2577685178450706,169.59999084472656,10.803000450134277,217.301025390625,0.23137208819389343
80,33505.0,51.75205509749863,-1.2577748816770897,169.59999084472656,10.739999771118164,217.71026611328125,0.27240318059921265
81,34137.0,51.752050697498404,-1.2577821404231864,169.59999084472656,10.760000228881836,218.35983276367188,0.3130476772785187
82,34814.0,51.752044397497706,-1.2577950669578912,169.59999084472656,10.748000144958496,219.89199829101562,0.38931527733802795
83,35471.0,51.75203879749711,-1.2578068997087197,169.79998779296875,10.819000244140625,221.0238494873047,0.461202472448349
84,35912.0,51.75203489749684,-1.2578148544989,169.79998779296875,10.824999809265137,221.16941833496094,0.4987582564353943
85,36461.0,51.75203059749659,-1.2578227098542796,169.79998779296875,10.956000328063965,220.94102478027344,0.5350704789161682
86,37395.0,51.7520216974959,-1.2578354375200107,169.79998779296875,11.109999656677246,218.5596923828125,0.5895330309867859
87,38042.0,51.7520138974956,-1.2578438894853434,169.79998779296875,11.112000465393066,212.01756286621094,0.6059069037437439
88,38721.0,51.75200659749547,-1.2578496567086912,169.79998779296875,11.145000457763672,203.26007080078125,0.602699875831604
89,39390.0,51.75200159749545,-1.257851645406298,169.79998779296875,11.140999794006348,199.82012939453125,0.5845135450363159
90,39945.0,51.75199699749545,-1.2578510487970207,169.79998779296875,11.12600040435791,193.5118865966797,0.5232512354850769
91,40485.0,51.75199409749542,-1.2578481651856201,169.89999389648438,11.04699993133545,189.99737548828125,0.48457303643226624
92,41120.0,51.751992497495294,-1.2578425968327296,169.89999389648438,10.944000244140625,185.42153930664062,0.41778016090393066
93,41462.0,51.7519927974952,-1.2578378239590244,169.89999389648438,10.86299991607666,179.46212768554688,0.35781237483024597
94,42447.0,51.751994097494624,-1.2578261900796288,169.89999389648438,10.656000137329102,160.68023681640625,0.26663944125175476
95,43061.0,51.75199809749399,-1.2578138601569135,169.89999389648438,10.628000259399414,133.29991149902344,0.2255038172006607
96,43446.0,51.752001397493764,-1.257806700846844,169.89999389648438,10.598999977111816,119.21349334716797,0.2191142588853836
97,44365.0,51.75200749749326,-1.257795862447563,169.89999389648438,10.588000297546387,93.7854995727539,0.22239702939987183
98,45081.0,51.752014397493035,-1.2577883053986676,169.89999389648438,10.607000350952148,72.87505340576172,0.24751967191696167
99,45451.0,51.752025897492636,-1.2577785607840015,169.59999084472656,10.630000114440918,63.48965072631836,0.2780033349990845
100,45687.0,51.75203409749242,-1.2577712026050551,169.59999084472656,10.623000144958496,58.11186599731445,0.3219517767429352
101,46427.0,51.75204299749207,-1.2577622534686532,169.59999084472656,10.680999755859375,54.57936477661133,0.3707886040210724
102,47041.0,51.752054997491456,-1.2577502218527907,169.59999084472656,10.682000160217285,50.9560546875,0.45736759901046753
103,47460.0,51.752060397491285,-1.2577438580219902,169.59999084472656,10.718000411987305,50.10179901123047,0.4983256459236145
104,48340.0,51.75206959749063,-1.257731329231179,169.59999084472656,10.781999588012695,49.191871643066406,0.5728384852409363
105,48461.0,51.7520719974905,-1.2577258603137345,169.59999084472656,10.812000274658203,49.175048828125,0.6065236926078796
106,49061.0,51.752076297490184,-1.2577172094810571,169.59999084472656,10.892999649047852,49.246917724609375,0.6390490531921387
107,49748.0,51.75208089748955,-1.257704978993572,169.59999084472656,10.904000282287598,50.03311538696289,0.6935042142868042
108,50183.0,51.75208319748937,-1.2576984162926388,169.59999084472656,10.996999740600586,51.34269332885742,0.7118365168571472
109,51060.0,51.752090097488114,-1.2576811146283287,169.59999084472656,11.180000305175781,54.916133880615234,0.7593469023704529
110,51461.0,51.752093497487834,-1.2576729609698094,169.59999084472656,11.246000289916992,56.55131912231445,0.770399272441864
111,51887.0,51.752094997487475,-1.257663812962308,169.59999084472656,11.263999938964844,59.166725158691406,0.7723408341407776
112,52389.0,51.7520961974871,-1.2576543666501536,169.59999084472656,11.354000091552734,62.06045150756836,0.7731490135192871
113,52923.0,51.75209469748688,-1.257646909034847,169.59999084472656,11.37600040435791,67.50375366210938,0.7748537659645081
114,53473.0,51.75209419748587,-1.2576312977604827,169.59999084472656,11.501999855041504,73.03279113769531,0.7788763642311096
115,54450.0,51.752091897484945,-1.2576165813993416,169.59999084472656,11.59000015258789,77.69800567626953,0.7904748320579529
116,55105.0,51.75208689748441,-1.2576053452580571,169.59999084472656,11.682000160217285,81.32485961914062,0.8081435561180115
117,55473.0,51.75208269748423,-1.2575986831213022,169.59999084472656,11.611000061035156,83.0766372680664,0.818809449672699
118,56464.0,51.75207639748341,-1.2575846628029832,169.59999084472656,11.63700008392334,86.25743103027344,0.8385716080665588
119,56589.0,51.752072697483364,-1.2575813814520738,169.59999084472656,11.593999862670898,87.96468353271484,0.8465632796287537
120,57241.0,51.75206909748298,-1.2575718357039876,169.59999084472656,11.645999908447266,90.0622329711914,0.8528185486793518
121,57809.0,51.752062297482716,-1.257563781478458,169.59999084472656,11.654000282287598,93.85601806640625,0.8636558651924133
122,58428.0,51.75205539748212,-1.257551849292445,169.59999084472656,11.6899995803833,97.42542266845703,0.8722529411315918
123,59060.0,51.75204869748196,-1.2575458831994566,169.59999084472656,11.659000396728516,100.8858642578125,0.8776000142097473
124,59460.0,51.75204489748188,-1.2575418063695065,169.59999084472656,11.597999572753906,102.78018188476562,0.8741050958633423
125,60440.0,51.752036797481594,-1.2575336527088172,169.59999084472656,11.625,106.58289337158203,0.8650501370429993
126,61090.0,51.752024397481556,-1.2575375306697685,169.59999084472656,11.442000389099121,110.87889862060547,0.8483832478523254
127,61788.0,51.7520108974812,-1.2575467781153635,169.59999084472656,10.836999893188477,115.58195495605469,0.8267605900764465
128,62362.0,51.75200509748119,-1.2575453860270152,169.59999084472656,10.52299976348877,117.6944808959961,0.8213841319084167
129,63062.0,51.75199689748119,-1.2575470764201022,169.59999084472656,9.769000053405762,121.44884490966797,0.8163041472434998
130,63467.0,51.7519929974812,-1.2575456843318087,169.59999084472656,9.272000312805176,123.18133544921875,0.8165567517280579
131,64385.0,51.75198459748118,-1.2575435961991572,169.59999084472656,8.857000350952148,126.75418090820312,0.8142498731613159
132,64450.0,51.751980997481134,-1.2575475735942645,169.59999084472656,8.652000427246094,129.63136291503906,0.7973474860191345
133,65062.0,51.75197529748113,-1.2575469769849699,169.59999084472656,8.013999938964844,134.26510620117188,0.7582100033760071
134,65686.0,51.75196729748091,-1.2575543351666558,169.59999084472656,7.303999900817871,146.6805877685547,0.6919659376144409
135,66368.0,51.751961697480866,-1.257557616517778,169.59999084472656,7.298999786376953,150.09207153320312,0.6716923117637634
136,67085.0,51.751956197480546,-1.2575662673525443,167.81183165557928,7.440000057220459,155.3739471435547,0.6092250347137451
137,67443.0,51.751954497480405,-1.257571537400868,167.81183165557928,7.544000148773193,157.3569793701172,0.5584487318992615
138,67877.0,51.75195249748025,-1.2575781001026005,167.81183165557928,7.6570000648498535,160.3900604248047,0.5217392444610596
139,68439.0,51.75194979748005,-1.2575848616741914,167.95495918755887,7.849999904632568,164.57778930664062,0.5017737150192261
140,69242.0,51.75194649747944,-1.2575967938595178,167.95495918755887,8.064000129699707,173.4227752685547,0.47916463017463684
141,69450.0,51.75194539747928,-1.257602859386765,169.59999084472656,8.256999969482422,178.1234588623047,0.48083528876304626
142,70202.0,51.751942197478854,-1.2576129023094011,169.59999084472656,8.76099967956543,186.6839599609375,0.49788570404052734
143,70605.0,51.75193879747845,-1.2576225474925766,169.59999084472656,9.164999961853027,193.3091583251953,0.5296319127082825
144,71306.0,51.75193439747833,-1.2576281158458784,169.59999084472656,9.395000457763672,195.0693359375,0.5477405190467834
145,72019.0,51.75192939747812,-1.2576348774178414,169.59999084472656,9.720000267028809,195.45716857910156,0.5750629901885986
146,72451.0,51.7519261974781,-1.257636667245644,169.59999084472656,10.001999855041504,192.14968872070312,0.5802968144416809
147,73264.0,51.75192049747809,-1.2576380593340133,169.59999084472656,10.24899959564209,186.15159606933594,0.5947315096855164
148,73461.0,51.7519184974781,-1.257637064985259,169.59999084472656,10.381999969482422,183.3094940185547,0.6036258339881897
149,73983.0,51.75191479747808,-1.2576354740271916,169.59999084472656,10.539999961853027,180.67086791992188,0.6121243834495544
150,74641.0,51.75191039747804,-1.2576322921110037,169.59999084472656,10.83899974822998,176.30758666992188,0.6290686726570129
151,75204.0,51.75190659747801,-1.257629806239013,169.59999084472656,11.128000259399414,174.33628845214844,0.6378045082092285
152,75897.0,51.751901697477976,-1.257627121497195,169.59999084472656,11.604999542236328,170.1888885498047,0.6623852252960205
153,76449.0,51.75189779747799,-1.2576267237576748,169.59999084472656,11.741000175476074,169.14903259277344,0.6710131168365479
154,77056.0,51.75189359747799,-1.257625828843748,169.59999084472656,12.045000076293945,167.39654541015625,0.687921941280365
155,77453.0,51.75189029747797,-1.257624436755444,169.59999084472656,12.1899995803833,166.42471313476562,0.6972476243972778
156,78459.0,51.751882997477885,-1.2576201610552682,169.59999084472656,12.435999870300293,164.5521240234375,0.7120017409324646
157,79062.0,51.751877997477834,-1.2576164819646025,169.59999084472656,12.630000114440918,162.76377868652344,0.7208067178726196
158,79722.0,51.751873297477765,-1.2576124051344288,167.95325886047254,12.817999839782715,161.009765625,0.719239354133606
159,80230.0,51.75187049747771,-1.2576091237834497,169.59999084472656,12.871000289916992,159.7344970703125,0.7063384652137756
160,81038.0,51.751868397477686,-1.2576066379115336,169.59999084472656,12.961000442504883,155.46783447265625,0.677165687084198
161,81449.0,51.75186909747767,-1.2576058424325698,169.59999084472656,12.932000160217285,151.60264587402344,0.6309905052185059
162,82176.0,51.751870497477626,-1.2576025610818957,169.59999084472656,12.83899974822998,142.817138671875,0.5682689547538757
163,82451.0,51.751871597477574,-1.2575988819917223,169.59999084472656,12.807000160217285,137.38296508789062,0.5434333086013794
164,82957.0,51.751872197477404,-1.2575922198553897,169.59999084472656,12.694000244140625,131.42257690429688,0.5261487364768982
165,83556.0,51.75187489747701,-1.2575825746733917,169.59999084472656,12.562999725341797,119.47764587402344,0.5077791810035706
166,84068.0,51.75187649747685,-1.2575762108418171,169.59999084472656,12.531000137329102,113.7581787109375,0.5013761520385742
167,84683.0,51.75188049747648,-1.2575668639646966,169.59999084472656,12.359000205993652,102.94412994384766,0.49804407358169556
168,85252.0,51.751882997476315,-1.2575605995681238,169.59999084472656,12.220000267028809,97.7489013671875,0.49923110008239746
169,85901.0,51.75189029747619,-1.25755513065107,169.59999084472656,12.003999710083008,84.49144744873047,0.5124770998954773
170,86461.0,51.751893897476194,-1.2575535396932525,169.59999084472656,12.057000160217285,80.19219970703125,0.5082778930664062
171,87181.0,51.751900197476196,-1.257551749865817,169.59999084472656,12.072999954223633,71.72328186035156,0.4942721128463745
172,87462.0,51.75190329747617,-1.2575490651244756,169.59999084472656,11.989999771118164,66.88105010986328,0.4787548780441284
173,88450.0,51.75190999747604,-1.257543297902802,169.59999084472656,11.9350004196167,56.0988883972168,0.4536097049713135
174,89450.0,51.75192249747567,-1.2575339510275205,169.59999084472656,11.86299991607666,32.88965606689453,0.4472474455833435
175,90451.0,51.751929397475635,-1.2575308685469966,169.59999084472656,11.692000389099121,22.11275291442871,0.4704780578613281
176,90997.0,51.751934097475576,-1.257527587196605,169.59999084472656,11.638999938964844,17.4003963470459,0.489682674407959
177,91448.0,51.75193829747557,-1.2575263939782684,169.59999084472656,11.609000205993652,12.512371063232422,0.5085182785987854
178,92438.0,51.75194629747556,-1.2575240075418,169.59999084472656,11.432999610900879,4.687102794647217,0.5523147583007812
179,92966.0,51.75194979747557,-1.2575224165839973,169.59999084472656,11.345999717712402,359.12445068359375,0.5997061133384705
180,93460.0,51.75195779747557,-1.2575223171491448,169.59999084472656,11.23900032043457,354.3949890136719,0.6469784379005432
181,93742.0,51.75196099747557,-1.2575234109326392,169.59999084472656,11.154000282287598,351.8626403808594,0.6659075021743774
182,94279.0,51.75196549747554,-1.257526195108724,169.59999084472656,11.189000129699707,349.1017150878906,0.6753897070884705
183,95020.0,51.75197109747542,-1.2575316640258938,169.59999084472656,11.100000381469727,343.6546936035156,0.6837793588638306
184,95460.0,51.75197319747534,-1.2575359397251014,169.59999084472656,11.095999717712402,339.8171081542969,0.655129611492157
185,96384.0,51.751974297474895,-1.2575461815164513,169.59999084472656,10.935999870300293,330.6048583984375,0.5966048240661621
186,96465.0,51.75197159747477,-1.2575513521299975,169.59999084472656,10.59000015258789,325.6247253417969,0.5767730474472046
187,97462.0,51.75197259747441,-1.2575605995726962,169.59999084472656,10.26200008392334,321.0921630859375,0.571276068687439
188,98450.0,51.751971797473466,-1.257575514803452,169.59999084472656,9.666999816894531,312.1654968261719,0.5701669454574585
189,99465.0,51.751969497472246,-1.2575925181670862,169.59999084472656,8.491999626159668,302.0241394042969,0.5690048933029175
190,99826.0,51.75196689747202,-1.2575998763478928,169.59999084472656,8.32800006866455,296.185791015625,0.5625722408294678
191,100474.0,51.75196359747163,-1.2576095215309981,169.59999084472656,7.552999973297119,286.5999755859375,0.5620266199111938
192,101343.0,51.75195989747147,-1.257615785928333,169.59999084472656,7.150000095367432,281.5348815917969,0.512292742729187
193,101986.0,51.75195549747147,-1.2576172774515324,169.59999084472656,6.998000144958496,277.9247741699219,0.4409131407737732
194,102445.0,51.75195289747146,-1.2576194650188055,169.59999084472656,6.989999771118164,275.0773620605469,0.4134935438632965
195,102618.0,51.75194889747145,-1.2576209565419938,169.59999084472656,6.864999771118164,270.6022644042969,0.40058445930480957
196,103199.0,51.75194499747142,-1.2576241384581244,169.59999084472656,6.859000205993652,265.8033752441406,0.3836805820465088
197,103739.0,51.75193839747141,-1.2576264254604828,169.59999084472656,6.7789998054504395,255.94854736328125,0.3688770532608032
198,104422.0,51.75193399747137,-1.257629507941775,169.59999084472656,6.8460001945495605,250.83135986328125,0.37248244881629944
199,104936.0,51.75192719747137,-1.2576309994650625,169.59999084472656,6.953999996185303,241.87521362304688,0.39008307456970215
200,105472.0,51.75192089747139,-1.2576320932487957,169.59999084472656,7.14300012588501,234.0803985595703,0.4147891700267792
201,106084.0,51.75191379747139,-1.2576329881627764,169.59999084472656,7.234000205993652,213.2103271484375,0.497302383184433
202,106704.0,51.75190509747139,-1.2576313972045294,169.59999084472656,7.396999835968018,195.3389434814453,0.7205745577812195
203,107284.0,51.751898497471394,-1.2576315960743012,169.59999084472656,7.570000171661377,194.86851501464844,0.8300102353096008
204,107865.0,51.751889797471364,-1.2576297068113769,169.59999084472656,7.7789998054504395,195.77545166015625,0.9614194631576538
205,108441.0,51.751883297471366,-1.257630005116035,169.59999084472656,7.894999980926514,195.27174377441406,1.0104660987854004
206,109166.0,51.751874297471346,-1.2576277181135251,169.59999084472656,8.07800006866455,192.12022399902344,1.062644600868225
207,109468.0,51.75187029747134,-1.2576259282856708,169.59999084472656,8.164999961853027,182.70867919921875,1.0672004222869873
208,109846.0,51.751865397471214,-1.2576206582368779,169.59999084472656,8.121999740600586,170.4800567626953,1.0756096839904785
209,110465.0,51.75186029747095,-1.2576129023159701,169.59999084472656,8.069999694824219,158.83189392089844,1.117261528968811
210,110945.0,51.75185639747087,-1.2576083283114505,169.59999084472656,7.978000164031982,151.15542602539062,1.1340336799621582
211,111467.0,51.7518524974707,-1.257601865044189,169.59999084472656,7.998000144958496,144.92774963378906,1.1526267528533936
212,112043.0,51.751848497470384,-1.257593114774639,169.59999084472656,8.168999671936035,140.36558532714844,1.195899248123169
213,112624.0,51.75184479747009,-1.2575848616795446,169.59999084472656,8.335000038146973,138.96859741210938,1.235630750656128
214,113364.0,51.75183889746966,-1.257574719321211,169.59999084472656,8.555999755859375,138.50328063964844,1.2555134296417236
215,113844.0,51.75183529746935,-1.2575662673563572,169.59999084472656,8.885000228881836,138.86569213867188,1.2683088779449463
216,114466.0,51.751830197469005,-1.2575573182167934,169.59999084472656,9.177000045776367,139.05099487304688,1.271920084953308
217,115067.0,51.75182549746853,-1.2575465792494023,169.59999084472656,9.71399974822998,139.62440490722656,1.2739778757095337
218,115310.0,51.7518266974685,-1.2575480707724558,169.59999084472656,9.972999572753906,140.9306640625,1.2597994804382324
219,116182.0,51.75182579746848,-1.2575459826400832,169.59999084472656,10.722999572753906,141.5711212158203,1.2552158832550049
220,116455.0,51.751824797468444,-1.2575429001589546,169.59999084472656,10.82800006866455,140.0168914794922,1.2604819536209106
221,116844.0,51.7518222974683,-1.2575371329360032,169.59999084472656,11.251999855041504,138.1240997314453,1.2666796445846558
222,117452.0,51.751817997467995,-1.2575286809709887,169.59999084472656,11.545999526977539,136.4095001220703,1.2724361419677734
223,118469.0,51.75181139746645,-1.257509589472546,169.59999084472656,12.256999969482422,131.80795288085938,1.2853281497955322
224,119246.0,51.75180769746507,-1.2574915917590102,169.59999084472656,12.517000198364258,127.1213150024414,1.2974364757537842
225,119826.0,51.75180569746398,-1.257475483308821,169.59999084472656,12.673999786376953,124.07732391357422,1.3125542402267456
226,120384.0,51.751802997463344,-1.2574632528186664,169.59999084472656,12.831999778747559,123.45074462890625,1.32060706615448
227,121109.0,51.751803797462685,-1.25745092289459,169.59999084472656,12.892999649047852,122.91663360595703,1.3076081275939941
228,121461.0,51.75180469746265,-1.257448039283321,169.59999084472656,12.892999649047852,122.51652526855469,1.2987116575241089
229,121787.0,51.751804397462486,-1.2574418743211333,169.59999084472656,12.729000091552734,121.60714721679688,1.295601487159729
230,122307.0,51.75180279746209,-1.257432328572952,169.59999084472656,12.616000175476074,119.64633178710938,1.2872997522354126
231,122967.0,51.75180149746111,-1.2574170156020088,169.59999084472656,12.218999862670898,115.91067504882812,1.279484510421753
232,123449.0,51.751800097460524,-1.257405182851705,169.59999084472656,12.159000396728516,113.87845611572266,1.2784326076507568
233,124227.0,51.751798197459124,-1.2573869862690963,169.59999084472656,11.923999786376953,110.89105987548828,1.2709119319915771
234,124806.0,51.751796797458326,-1.2573732642561297,169.59999084472656,11.633000373840332,108.96170043945312,1.2574913501739502
235,125400.0,51.75179499745779,-1.2573620281149738,169.59999084472656,11.552000045776367,108.59809875488281,1.2521458864212036
236,126165.0,51.751791397456074,-1.2573418428340246,169.59999084472656,11.595999717712402,108.39768981933594,1.246639609336853
237,126769.0,51.751786897454714,-1.257323944554978,169.59999084472656,11.63599967956543,108.98161315917969,1.2559641599655151
238,127390.0,51.75178289745386,-1.257309625931887,169.59999084472656,11.758999824523926,109.16669464111328,1.2609210014343262
239,127924.0,51.75177779745281,-1.2572940146549263,169.59999084472656,11.776000022888184,109.3777084350586,1.2726236581802368
240,128450.0,51.75177449745221,-1.2572820824691817,169.59999084472656,11.866000175476074,109.18690490722656,1.2788751125335693
241,129165.0,51.7517695974509,-1.2572644824945676,169.59999084472656,11.913999557495117,108.10430145263672,1.2855812311172485
242,129447.0,51.75176819745061,-1.2572562293997642,169.59999084472656,11.947999954223633,106.4603271484375,1.281995177268982
243,130378.0,51.751765497448815,-1.2572356463795908,169.59999084472656,11.984000205993652,103.04736328125,1.270094633102417
244,130989.0,51.75176879744861,-1.257228586504049,169.59999084472656,11.746999740600586,97.844970703125,1.2393661737442017
245,131464.0,51.75177229744858,-1.2572257028929266,169.59999084472656,11.654999732971191,95.81971740722656,1.219771385192871
246,131644.0,51.751775797448566,-1.2572242113699335,169.59999084472656,11.595000267028809,93.85054016113281,1.2064707279205322
247,132163.0,51.75177949744832,-1.257216654320141,169.59999084472656,11.604000091552734,91.79984283447266,1.1928160190582275
248,132843.0,51.751786397447944,-1.2572071085737246,169.59999084472656,11.5,87.84658813476562,1.1723123788833618
249,133464.0,51.751790597447524,-1.2571971650872877,169.59999084472656,11.468999862670898,85.81465911865234,1.1647990942001343
250,134126.0,51.75179759744699,-1.2571859289483271,169.59999084472656,11.381999969482422,82.20307159423828,1.1553758382797241
251,134457.0,51.75180099744671,-1.2571777752893218,169.59999084472656,11.262999534606934,80.87235260009766,1.1601316928863525
252,135384.0,51.7518068974454,-1.2571602747539101,169.59999084472656,11.109000205993652,79.2099609375,1.1700687408447266
253,136062.0,51.75181089744451,-1.2571456578288438,169.59999084472656,11.052000045776367,82.76139831542969,1.1897863149642944
254,136475.0,51.7518109974442,-1.2571371064297678,169.59999084472656,11.069000244140625,92.56168365478516,1.1907119750976562
255,137282.0,51.751807697443056,-1.2571206002395994,169.59999084472656,11.128000259399414,111.11112213134766,1.1381800174713135
256,137867.0,51.75180149744261,-1.2571103584462342,169.59999084472656,11.119999885559082,126.73242950439453,1.132980465888977
257,138459.0,51.75179569744231,-1.2571018070460143,169.59999084472656,11.159000396728516,134.066650390625,1.1456207036972046
258,139069.0,51.75178799744205,-1.257094051124546,169.59999084472656,11.16100025177002,139.90042114257812,1.182121992111206
259,139464.0,51.751782497441965,-1.2570893776849092,169.59999084472656,11.215999603271484,141.5382843017578,1.2004543542861938
260,140302.0,51.751772297441654,-1.2570807268489192,169.59999084472656,11.269000053405762,144.06105041503906,1.208461046218872
261,140822.0,51.751765897441665,-1.2570813234582483,169.59999084472656,11.279000282287598,147.19114685058594,1.197819471359253
262,141462.0,51.75176009744166,-1.2570800308047176,169.59999084472656,11.314000129699707,149.6568145751953,1.1893014907836914
263,142122.0,51.75175379744167,-1.2570807268489352,169.59999084472656,11.23799991607666,153.39488220214844,1.1874289512634277
264,142462.0,51.75174999744168,-1.2570803291094041,169.59999084472656,11.217000007629395,157.38926696777344,1.1835875511169434
265,143326.0,51.751740697441676,-1.257079434195348,169.59999084472656,11.192000389099121,167.05044555664062,1.16575026512146
266,143458.0,51.751737997441666,-1.2570811245883187,169.59999084472656,11.14900016784668,174.99156188964844,1.1564528942108154
267,143965.0,51.75173209744164,-1.2570834115907379,169.59999084472656,11.086999893188477,187.7006378173828,1.1253398656845093
268,144545.0,51.751726897441486,-1.2570894771188053,169.59999084472656,11.067000389099121,206.0343475341797,0.9950125813484192
269,145404.0,51.75172199744117,-1.2570981279538689,169.59999084472656,11.017999649047852,232.6142120361328,0.7803533673286438
270,145823.0,51.75172179744078,-1.2571076737019118,169.59999084472656,10.991999626159668,262.7480773925781,0.8388874530792236
271,146478.0,51.75172209744039,-1.257117318884723,169.59999084472656,11.024999618530273,278.3355712890625,0.8887478113174438
272,147103.0,51.75172439743981,-1.25712915163424,169.59999084472656,10.954000473022461,290.2449035644531,1.0038328170776367
273,147458.0,51.7517262974396,-1.257136112075191,169.59999084472656,10.928000450134277,291.82904052734375,1.0538694858551025
274,148404.0,51.7517305974383,-1.2571536126114948,169.59999084472656,10.918000221252441,290.2495422363281,1.129848599433899
275,149025.0,51.751733897437404,-1.2571681301021496,169.59999084472656,10.970000267028809,288.1511535644531,1.185176134109497
276,149644.0,51.751737397436635,-1.2571816532440596,169.59999084472656,10.940999984741211,286.641845703125,1.2108172178268433
277,150227.0,51.75173969743612,-1.257192889384322,169.59999084472656,10.961999893188477,283.1617736816406,1.2087587118148804
278,150893.0,51.75174589743366,-1.2572169526206523,169.59999084472656,10.918000221252441,278.7071533203125,1.238675832748413
279,151452.0,51.75174969743189,-1.2572373367681982,169.59999084472656,10.928000450134277,275.6838684082031,1.2615571022033691
280,152190.0,51.75175429742877,-1.2572644824861305,169.59999084472656,10.942000389099121,271.87994384765625,1.2795456647872925
281,152462.0,51.75175509742833,-1.2572746248431328,169.59999084472656,11.005999565124512,269.25189208984375,1.2772724628448486
282,153444.0,51.75175459742596,-1.257298290343488,169.59999084472656,10.984000205993652,264.6903381347656,1.2586315870285034
283,154087.0,51.75175209742516,-1.2573121117917938,169.59999084472656,10.991000175476074,260.1622314453125,1.2248084545135498
284,154788.0,51.75174829742465,-1.2573231490637886,169.59999084472656,11.039999961853027,255.61866760253906,1.1867185831069946
285,155389.0,51.75174479742434,-1.2573318993334262,169.59999084472656,11.043999671936035,252.9595184326172,1.155086874961853
286,156011.0,51.75174409742302,-1.257349499306495,169.59999084472656,11.088000297546387,248.94158935546875,1.1258206367492676
287,156450.0,51.75174449742223,-1.2573631218841876,169.59999084472656,11.116000175476074,249.29269409179688,1.1337743997573853
288,156823.0,51.75174209742213,-1.2573680936281815,169.59999084472656,11.137999534606934,244.781005859375,1.0358628034591675
289,157466.0,51.75173759742199,-1.257373562546834,169.59999084472656,11.232000350952148,234.83970642089844,0.8924185037612915
290,157886.0,51.751732797421994,-1.2573732642421782,169.59999084472656,11.201000213623047,228.95840454101562,0.8344446420669556
291,158463.0,51.751727297422,-1.2573724687630823,169.59999084472656,11.267000198364258,223.1724395751953,0.7846881747245789
292,159181.0,51.751719397421766,-1.2573650111461487,169.59999084472656,11.303000450134277,212.26925659179688,0.7057706713676453
293,159783.0,51.75171329742113,-1.2573526812199614,169.59999084472656,11.22700023651123,202.28671264648438,0.621023952960968
294,160468.0,51.75170939742092,-1.2573455219083245,169.59999084472656,11.23900032043457,197.5330352783203,0.5567398071289062
295,161044.0,51.751709697420615,-1.2573367716393606,169.59999084472656,11.170000076293945,186.95681762695312,0.46002405881881714
296,161472.0,51.75171109742062,-1.2573367716393606,169.59999084472656,11.137999534606934,186.97596740722656,0.45563939213752747
297,161788.0,51.75171339742048,-1.2573310044168942,169.59999084472656,11.119000434875488,179.36016845703125,0.38562020659446716
298,162383.0,51.75171519742031,-1.2573245411502674,169.59999084472656,11.128999710083008,169.22686767578125,0.3253556489944458
299,163045.0,51.751720297419624,-1.257311714052836,169.59999084472656,11.109999656677246,142.5303955078125,0.2548104524612427
300,163477.0,51.75172359741919,-1.2573016711311977,169.59999084472656,10.982000350952148,127.13496398925781,0.24073784053325653
301,164307.0,51.75172959741843,-1.2572882474248765,169.59999084472656,10.946000099182129,100.66441345214844,0.22113923728466034
302,164864.0,51.75173559741812,-1.2572795965919248,169.59999084472656,10.956999778747559,72.6453857421875,0.18649667501449585
303,165447.0,51.75173959741809,-1.2572764146762179,169.59999084472656,10.958000183105469,52.050113677978516,0.16746991872787476
304,166149.0,51.75175109741793,-1.2572825796368619,169.59999084472656,10.892000198364258,12.998321533203125,0.1971033662557602
305,166452.0,51.7517559974177,-1.2572899378167626,169.59999084472656,10.840999603271484,8.078490257263184,0.20855112373828888
306,166888.0,51.75175969741734,-1.2572990858244433,169.59999084472656,10.753000259399414,290.87255859375,0.46512675285339355
307,167464.0,51.75176209741674,-1.2573110180087121,169.59999084472656,10.609000205993652,267.38458251953125,0.7500543594360352
308,168212.0,51.75176329741544,-1.2573285185461003,169.59999084472656,10.571000099182129,253.99493408203125,1.0430492162704468
309,168463.0,51.75176209741534,-1.257333490289942,169.59999084472656,10.54800033569336,247.0435028076172,1.115849256515503
310,169345.0,51.75175759741465,-1.257346217955118,169.59999084472656,10.522000312805176,234.58657836914062,1.1798392534255981
311,170008.0,51.75175209741454,-1.2573515874389891,169.59999084472656,10.454000473022461,219.8486328125,1.1674290895462036
312,170464.0,51.75174729741451,-1.25735357613669,169.59999084472656,10.36400032043457,206.53982543945312,1.1344538927078247
313,170664.0,51.75174519741448,-1.2573564597481859,169.59999084472656,10.444999694824219,201.3594970703125,1.1541860103607178
314,171284.0,51.7517398974143,-1.2573628235809096,169.59999084472656,10.673999786376953,201.82701110839844,1.1526929140090942
315,171822.0,51.751734197414294,-1.257365309453092,169.59999084472656,10.907999992370605,189.09213256835938,1.1598235368728638
316,172423.0,51.751727097414296,-1.2573657071926543,169.59999084472656,11.062999725341797,185.4813690185547,1.1945148706436157
317,173042.0,51.75171799741427,-1.2573638179296471,169.59999084472656,11.232000350952148,183.96237182617188,1.2332924604415894
318,173469.0,51.75171089741425,-1.2573612326224848,169.59999084472656,11.347000122070312,185.23326110839844,1.2515218257904053
319,174228.0,51.75169949741422,-1.2573586473150704,169.59999084472656,11.449999809265137,189.65374755859375,1.2624189853668213
320,174806.0,51.75169119741421,-1.2573573546614498,169.59999084472656,11.576000213623047,196.1881103515625,1.2529489994049072
321,175441.0,51.75168359741419,-1.2573592439244077,169.59999084472656,11.706000328063965,201.41973876953125,1.2439775466918945
322,176003.0,51.75167669741418,-1.2573602382733189,169.59999084472656,11.939000129699707,204.85475158691406,1.2381881475448608
323,176486.0,51.751671697414146,-1.2573632213199297,169.59999084472656,11.937000274658203,204.740234375,1.2391546964645386
324,177285.0,51.751663797413975,-1.2573694857182247,169.59999084472656,12.053999900817871,215.30177307128906,1.172431230545044
325,177904.0,51.751657697413854,-1.2573747557673804,169.59999084472656,11.991999626159668,223.30860900878906,1.1534979343414307
326,178446.0,51.751652997413686,-1.2573808212954722,169.59999084472656,11.913000106811523,227.6954803466797,1.1463947296142578
327,179184.0,51.75164729741337,-1.2573894721308208,169.59999084472656,11.875,231.9606475830078,1.1462969779968262
328,179765.0,51.75164399741316,-1.2573965320075737,169.59999084472656,11.755999565124512,234.4689483642578,1.154560923576355
329,180462.0,51.75163989741277,-1.2574060777566003,169.59999084472656,11.727999687194824,234.12112426757812,1.164259433746338
330,181021.0,51.75163669741251,-1.2574140325473024,169.59999084472656,11.569999694824219,233.9363555908203,1.1714873313903809
331,181462.0,51.75163389741231,-1.257420794119343,169.59999084472656,11.597999572753906,234.01028442382812,1.174426555633545
332,182324.0,51.751629497411635,-1.2574335217848231,169.59999084472656,11.324999809265137,240.6993865966797,1.1624101400375366
333,182450.0,51.75162949741159,-1.2574371014403907,169.59999084472656,11.357000350952148,247.1877899169922,1.153853178024292
334,183024.0,51.751627597411066,-1.2574481387121923,169.59999084472656,11.277999877929688,255.31027221679688,1.1483112573623657
335,183643.0,51.75162689741051,-1.2574595737232164,169.59999084472656,11.319000244140625,264.87554931640625,1.1500641107559204
336,184260.0,51.751626897409984,-1.2574707104294323,169.59999084472656,11.317999839782715,270.9805908203125,1.1508145332336426
337,184921.0,51.7516284974094,-1.2574825431793637,169.59999084472656,11.329000473022461,278.1735534667969,1.149756669998169
338,185464.0,51.751630097409034,-1.2574917906225846,169.59999084472656,11.35200023651123,281.63226318359375,1.1487075090408325
339,186102.0,51.75163979740785,-1.2575085951131324,169.59999084472656,11.355999946594238,284.2535400390625,1.1667133569717407
340,186483.0,51.75164689740731,-1.2575198312524132,169.59999084472656,11.319000244140625,285.33544921875,1.1975153684616089
341,187367.0,51.75165979740577,-1.2575389227432026,169.59999084472656,11.272000312805176,289.6071472167969,1.1505662202835083
342,187469.0,51.75166339740575,-1.2575412097451728,169.59999084472656,11.192999839782715,286.2751770019531,1.108826994895935
343,188104.0,51.751667697405274,-1.2575517498410362,169.59999084472656,11.222999572753906,279.93878173828125,1.0848814249038696
344,188705.0,51.751671897405,-1.2575598040652447,169.59999084472656,11.270999908447266,272.4678039550781,1.0678963661193848
345,189295.0,51.75167259740469,-1.2575681565946997,169.59999084472656,11.279999732971191,265.09368896484375,1.0631853342056274
346,190001.0,51.75167249740435,-1.257577205168436,169.59999084472656,11.343000411987305,256.72998046875,1.0639970302581787
347,190472.0,51.75167149740419,-1.2575834695657642,169.59999084472656,11.390000343322754,250.68359375,1.0620805025100708
348,191223.0,51.751669097403884,-1.2575919215306797,169.59999084472656,11.590999603271484,242.75222778320312,1.0586985349655151
349,191450.0,51.75166789740385,-1.2575945068375267,169.59999084472656,11.689000129699707,239.4053192138672,1.054059386253357
350,191910.0,51.75166549740372,-1.257600075190887,169.59999084472656,11.8149995803833,236.14822387695312,1.0616023540496826
351,192464.0,51.75166239740354,-1.257606339588518,169.59999084472656,11.934000015258789,233.65579223632812,1.0679230690002441
352,193244.0,51.75165789740327,-1.257614493249187,169.59999084472656,12.218999862670898,232.8397979736328,1.081612229347229
353,193763.0,51.75165539740319,-1.2576188683839888,169.59999084472656,12.465999603271484,233.66751098632812,1.078436017036438
354,194465.0,51.75165149740297,-1.2576263260003648,169.59999084472656,12.588000297546387,231.95826721191406,1.073452353477478
355,195025.0,51.751648397402896,-1.2576307011352308,169.59999084472656,12.758000373840332,229.83909606933594,1.070214033126831
356,195453.0,51.75164569740281,-1.2576350762700605,169.59999084472656,12.786999702453613,227.84046936035156,1.069338083267212
357,196304.0,51.75164429740247,-1.2576440254092296,169.59999084472656,13.050000190734863,226.84507751464844,1.0599955320358276
358,196475.0,51.75164609740244,-1.2576469090205342,169.59999084472656,13.161999702453613,227.52899169921875,1.052628517150879
359,196926.0,51.75164529740232,-1.2576523779388418,169.59999084472656,13.222000122070312,226.74110412597656,1.0475058555603027
360,197461.0,51.75164339740217,-1.2576585429014502,169.59999084472656,13.196000099182129,226.95956420898438,1.0470616817474365
361,198185.0,51.75164059740185,-1.257667193736255,169.59999084472656,13.260000228881836,226.3816680908203,1.068189263343811
362,198723.0,51.751637997401694,-1.2576734581338478,169.59999084472656,13.267999649047852,226.12548828125,1.1011296510696411
363,199424.0,51.751633397401406,-1.2576817112294625,169.59999084472656,13.343000411987305,227.12745666503906,1.119226336479187
364,200009.0,51.751629597401134,-1.2576896660202816,169.59999084472656,13.343000411987305,230.3428955078125,1.1348954439163208
365,200460.0,51.751626497400935,-1.257696527027261,169.59999084472656,13.406000137329102,233.11160278320312,1.1401809453964233
366,201291.0,51.75162829740018,-1.2577098513002347,169.59999084472656,13.427000045776367,236.34417724609375,1.1396527290344238
367,201452.0,51.7516312974001,-1.2577143258693952,169.59999084472656,13.364999771118164,237.2801055908203,1.1362282037734985
368,201964.0,51.75163249739968,-1.257724269356813,169.59999084472656,13.251999855041504,245.4722900390625,1.1463983058929443
369,202587.0,51.751634897399,-1.2577368975854915,169.59999084472656,13.281000137329102,250.49591064453125,1.1783660650253296
370,203249.0,51.75163359739839,-1.2577489292059298,169.59999084472656,13.260000228881836,252.04916381835938,1.1880525350570679
371,203861.0,51.75163189739777,-1.2577609608264788,169.59999084472656,13.204000473022461,253.38587951660156,1.193588137626648
372,204471.0,51.75162949739729,-1.25777160035887,169.59999084472656,13.123000144958496,253.0914306640625,1.1945099830627441
373,205228.0,51.75162569739655,-1.257784725763732,169.59999084472656,13.050999641418457,253.70050048828125,1.191906213760376
374,205466.0,51.75162389739648,-1.2577893992031368,169.59999084472656,13.003999710083008,254.17276000976562,1.1924278736114502
375,205943.0,51.7516216973961,-1.2577989449517968,169.59999084472656,12.991999626159668,254.4707489013672,1.1953558921813965
376,206472.0,51.75162009739571,-1.2578085901352143,169.59999084472656,13.031000137329102,254.51638793945312,1.1995315551757812
377,207286.0,51.75161639739484,-1.2578229087586954,169.59999084472656,13.104000091552734,252.35035705566406,1.1764194965362549
378,207935.0,51.75161169739437,-1.257833448856779,169.59999084472656,13.050999641418457,251.60205078125,1.1534595489501953
379,208469.0,51.75160829739406,-1.257842000256871,169.59999084472656,12.954000473022461,249.38291931152344,1.1481099128723145
380,209180.0,51.75160319739355,-1.2578530375295096,169.59999084472656,12.859000205993652,247.8865509033203,1.114232063293457
381,209460.0,51.75160089739344,-1.257858307578283,169.59999084472656,12.8100004196167,247.1071014404297,1.099684238433838
382,209903.0,51.75159769739316,-1.2578663618039327,169.59999084472656,12.689000129699707,247.343017578125,1.0742584466934204
383,210467.0,51.751594797392734,-1.257876404727213,169.59999084472656,12.708000183105469,251.9130859375,1.0454293489456177
384,211259.0,51.75159309739201,-1.2578894306966706,169.59999084472656,12.652000427246094,254.4906768798828,1.0283199548721313
385,211822.0,51.75159609739195,-1.2578935075263797,169.59999084472656,12.541999816894531,273.5226135253906,0.7776443362236023
386,212456.0,51.75159759739187,-1.2578983798352166,169.59999084472656,12.579000473022461,282.38427734375,0.6497125625610352
387,213082.0,51.751600797391845,-1.2579009651418473,169.59999084472656,12.682999610900879,296.2057189941406,0.5966156721115112
388,213467.0,51.75160319739183,-1.2579027549695454,169.59999084472656,12.755999565124512,306.139404296875,0.5852620005607605
389,214442.0,51.751610797391734,-1.257907627277711,169.59999084472656,12.954000473022461,324.3227844238281,0.7437323331832886
390,215200.0,51.75162049739173,-1.2579092182354021,169.59999084472656,13.147000312805176,339.3174133300781,0.8971185088157654
391,215735.0,51.75162789739164,-1.2579049425363957,169.59999084472656,13.28600025177002,355.75408935546875,0.9593191146850586
392,216441.0,51.751636597391474,-1.2578985787055108,169.59999084472656,13.062999725341797,15.730021476745605,0.9712016582489014
393,217061.0,51.751642097391056,-1.2578886352190597,169.59999084472656,12.857000350952148,37.68283462524414,0.8865071535110474
394,217450.0,51.75164409739084,-1.2578812770385188,169.59999084472656,12.835000038146973,58.3530158996582,0.8070587515830994
395,218170.0,51.7516458973899,-1.2578663618076316,169.59999084472656,12.58899974822998,85.6379165649414,0.8095791935920715
396,218463.0,51.75164589738967,-1.2578590036267674,169.59999084472656,12.560999870300293,95.73075103759766,0.8231208920478821
397,219444.0,51.75164399738845,-1.2578420002621566,169.59999084472656,12.289999961853027,106.26378631591797,0.6199699640274048
398,220121.0,51.751641597387945,-1.2578310624251459,169.59999084472656,12.184000015258789,117.7554931640625,0.5422650575637817
399,220698.0,51.75163879738755,-1.2578215166763926,169.59999084472656,12.12399959564209,125.52398681640625,0.6860254406929016
400,221384.0,51.75163869738681,-1.257808291837764,169.59999084472656,12.121000289916992,126.10066986083984,0.77015620470047
401,221960.0,51.75164109738604,-1.2577947686952593,169.59999084472656,12.057999610900879,115.93386840820312,0.9145709872245789
402,222464.0,51.7516413973856,-1.2577845269030343,169.59999084472656,12.062000274658203,106.60346221923828,0.9859410524368286
403,223181.0,51.75164239738451,-1.2577685178882538,169.59999084472656,12.11400032043457,94.56257629394531,1.0658026933670044
404,223450.0,51.75164359738432,-1.257761955186573,169.59999084472656,12.170999526977539,82.92265319824219,1.0663342475891113
405,223841.0,51.75164489738409,-1.2577545970059192,169.59999084472656,12.21399974822998,67.65269470214844,0.9437453150749207
406,224422.0,51.75164799738394,-1.2577486309137387,169.59999084472656,12.286999702453613,35.55303955078125,0.7248306274414062
407,225121.0,51.751653297383825,-1.257743559735638,169.59999084472656,12.456999778747559,1.8998321294784546,0.8343410491943359
408,225465.0,51.75165599738379,-1.2577417699079707,169.59999084472656,12.472000122070312,353.8719787597656,0.912965714931488
409,226363.0,51.75167159738377,-1.257739184602087,169.59999084472656,12.515000343322754,349.7698974609375,1.0369733572006226
410,226885.0,51.75168739738377,-1.2577379913839961,169.59999084472656,12.529000282287598,343.19622802734375,1.150452733039856
411,227453.0,51.75169679738377,-1.2577393834719637,169.59999084472656,12.541000366210938,339.35394287109375,1.1905529499053955
412,228183.0,51.75170809738378,-1.2577400795159168,169.59999084472656,12.437000274658203,336.3630065917969,1.214931845664978
413,228458.0,51.75171219738378,-1.257740178950783,169.59999084472656,12.369000434875488,335.5284118652344,1.2213026285171509
414,228864.0,51.75171719738377,-1.2577416704737443,169.59999084472656,12.324999809265137,334.6232604980469,1.2338911294937134
415,229415.0,51.75172359738372,-1.2577449518241532,169.59999084472656,12.36400032043457,333.8765563964844,1.2429906129837036
416,230021.0,51.75173089738368,-1.2577481337396335,169.59999084472656,12.333000183105469,333.3220520019531,1.2557040452957153
417,230467.0,51.751735897383654,-1.2577507190460904,169.59999084472656,12.395000457763672,335.3774719238281,1.2569154500961304
418,231283.0,51.75175089738364,-1.2577520116990286,169.59999084472656,12.47599983215332,337.69049072265625,1.2854588031768799
419,231477.0,51.75175649738363,-1.2577516139595806,169.59999084472656,12.368000030517578,338.2480773925781,1.3040244579315186
420,232422.0,51.75177119738361,-1.2577544975699881,169.59999084472656,12.26200008392334,339.1995849609375,1.2923046350479126
421,233040.0,51.751779797383605,-1.2577559890928116,169.59999084472656,12.21500015258789,339.79736328125,1.2526087760925293
422,233465.0,51.751784797383614,-1.2577566851368507,169.59999084472656,12.329999923706055,344.8466796875,1.2236173152923584
423,234341.0,51.75179179738359,-1.2577553924836946,169.59999084472656,12.41100025177002,7.396740436553955,0.942169725894928
424,234941.0,51.751788797383334,-1.2577476365630345,169.59999084472656,12.36299991607666,64.95655059814453,0.5777125954627991
425,235451.0,51.7517820973831,-1.2577402783812832,169.59999084472656,12.234000205993652,100.82896423339844,0.6506896615028381
426,236491.0,51.75176559738201,-1.257724169925791,169.59999084472656,11.809000015258789,121.20567321777344,0.8627695441246033
427,237441.0,51.751754397381305,-1.2577111439540216,169.59999084472656,11.75,130.93295288085938,1.0145971775054932
428,237919.0,51.751745197381105,-1.2577042829462814,169.59999084472656,11.647000312805176,135.3479766845703,1.109113097190857
429,238461.0,51.75173839738091,-1.2576973225040065,169.59999084472656,11.625,136.9119873046875,1.1408534049987793
430,239243.0,51.75172669738055,-1.2576880750582446,169.59999084472656,11.4350004196167,140.29638671875,1.1647284030914307
431,239462.0,51.75172189738052,-1.257685390316334,169.59999084472656,11.222999572753906,143.6849822998047,1.163453459739685
432,239902.0,51.75171399738041,-1.257680518006599,169.59999084472656,11.220000267028809,150.3897705078125,1.1513293981552124
433,240451.0,51.751702397380335,-1.2576759440011562,169.59999084472656,11.12600040435791,156.71002197265625,1.1675578355789185
434,241083.0,51.75169309738024,-1.2576714694308335,169.59999084472656,11.071000099182129,158.28160095214844,1.1766884326934814
435,241642.0,51.75168709738017,-1.2576669948608319,169.59999084472656,11.104999542236328,153.4901580810547,1.172408103942871
436,242303.0,51.751680497380015,-1.2576608298976293,169.59999084472656,11.199000358581543,149.24476623535156,1.1678916215896606
437,242840.0,51.75167399737987,-1.2576553609786636,169.59999084472656,11.281999588012695,148.718994140625,1.1593643426895142
438,243463.0,51.751667197379746,-1.2576497926247632,169.59999084472656,11.36299991607666,150.97593688964844,1.1512091159820557
439,244146.0,51.75165859737964,-1.2576444231404214,169.59999084472656,11.420000076293945,152.1498565673828,1.149063229560852
440,244453.0,51.7516530973796,-1.2576416389635428,169.59999084472656,11.409000396728516,150.3698272705078,1.1534479856491089
441,245346.0,51.75164259737933,-1.2576335847366653,169.59999084472656,11.413999557495117,145.31973266601562,1.146682620048523
442,245778.0,51.751637197379225,-1.2576285135573462,169.59999084472656,11.550000190734863,141.23704528808594,1.1385210752487183
443,246480.0,51.751632097378945,-1.257620260461638,169.59999084472656,11.621999740600586,139.54574584960938,1.1292921304702759
444,247183.0,51.75162959737854,-1.257610515843165,169.59999084472656,11.696999549865723,123.50527954101562,1.0293893814086914
445,247820.0,51.75162819737817,-1.2576011689644464,169.59999084472656,11.673999786376953,97.24163818359375,0.8998740911483765
446,248458.0,51.751628197378004,-1.257594805132325,169.59999084472656,11.708000183105469,77.84880828857422,0.6970558166503906
447,249083.0,51.751630197377985,-1.2575929158697479,169.59999084472656,11.663000106811523,25.046327590942383,0.4187484383583069
448,249468.0,51.751632197378,-1.2575930153046204,169.59999084472656,11.741999626159668,357.4732666015625,0.43925827741622925
449,250392.0,51.75163779737796,-1.2575958989156875,169.59999084472656,11.777000427246094,338.5257263183594,0.689614474773407
450,250466.0,51.75163959737796,-1.257597489873651,169.59999084472656,11.687000274658203,336.2607421875,0.7912566661834717
451,251020.0,51.751648597377844,-1.2576028593559114,169.59999084472656,11.793000221252441,335.1781921386719,0.8860615491867065
452,251472.0,51.751656197377756,-1.2576071350548745,169.59999084472656,11.845000267028809,335.6939392089844,0.916181206703186
453,252220.0,51.75166959737742,-1.2576160841910653,169.59999084472656,11.989999771118164,329.64190673828125,1.14495050907135
454,252819.0,51.75167999737715,-1.2576241384141549,169.59999084472656,12.11400032043457,325.9274597167969,1.2702367305755615
455,253466.0,51.7516876973769,-1.2576316954634192,169.59999084472656,12.244999885559082,323.7270202636719,1.302419662475586
456,254163.0,51.75169569737665,-1.2576394513823372,169.59999084472656,12.404999732971191,322.1765441894531,1.3173712491989136
457,254462.0,51.7516990973766,-1.2576429316027165,169.59999084472656,12.468999862670898,321.6719055175781,1.3200438022613525
458,255364.0,51.75170759737625,-1.2576519801746653,169.59999084472656,12.62600040435791,323.1250305175781,1.2812000513076782
459,255453.0,51.75170849737625,-1.257652477349032,169.59999084472656,12.751999855041504,323.6914978027344,1.2659623622894287
460,256000.0,51.75172329737599,-1.2576602332667386,169.59999084472656,12.970000267028809,324.90289306640625,1.2875616550445557
461,256585.0,51.751742097375676,-1.257668983532061,169.59999084472656,12.76099967956543,326.9574890136719,1.3149399757385254
462,257381.0,51.75175439737533,-1.2576779326683147,169.59999084472656,12.729000091552734,327.49859619140625,1.300995111465454
463,257802.0,51.75176399737524,-1.2576827055412598,169.59999084472656,12.6850004196167,328.4713134765625,1.2918846607208252
464,258466.0,51.751772597375094,-1.2576888705022728,169.59999084472656,12.6899995803833,330.82745361328125,1.286077857017517
465,259162.0,51.75178109737504,-1.2576930467661867,169.59999084472656,12.6850004196167,335.4797668457031,1.2660692930221558
466,259454.0,51.75178469737504,-1.2576936433753816,169.59999084472656,12.706999778747559,339.9607238769531,1.2538763284683228
467,260462.0,51.75179219737502,-1.2576915552433832,169.59999084472656,12.46500015258789,358.4582214355469,1.1762254238128662
468,261121.0,51.75179149737459,-1.2576815123209948,169.59999084472656,12.331000328063965,21.8592586517334,0.922987699508667
469,261789.0,51.75178909737416,-1.2576713699633444,169.59999084472656,12.369000434875488,70.19781494140625,0.6308709383010864
470,262343.0,51.751786797373825,-1.2576625202591352,169.59999084472656,12.347000122070312,96.05229187011719,0.6957500576972961
471,263000.0,51.7517810973731,-1.2576493948541365,169.59999084472656,12.239999771118164,106.60769653320312,0.8408834338188171
472,263466.0,51.75177809737279,-1.2576408434544162,169.59999084472656,12.244000434875488,104.22032928466797,0.8836703300476074
473,264180.0,51.751774697372085,-1.2576280163547127,169.59999084472656,12.065999984741211,98.78497314453125,0.9518501162528992
474,264455.0,51.7517728973719,-1.2576210559132575,169.59999084472656,12.11299991607666,94.60538482666016,0.9912471771240234
475,264881.0,51.751770997371445,-1.2576106152510471,169.59999084472656,12.008000373840332,95.63092041015625,1.0615479946136475
476,265439.0,51.751768897370845,-1.2575984841958487,169.59999084472656,12.11400032043457,98.02787017822266,1.1121766567230225
477,266100.0,51.75176889737,-1.2575843644437334,169.59999084472656,12.442999839782715,99.08679962158203,1.1487730741500854
478,266805.0,51.75177249736942,-1.257572730564405,169.59999084472656,12.496999740600586,90.4762191772461,1.1873843669891357
479,267402.0,51.751774097368916,-1.2575617927286584,169.59999084472656,12.538999557495117,84.60920715332031,1.2203096151351929
480,268058.0,51.75177659736815,-1.2575483690214255,169.59999084472656,12.60099983215332,78.18879699707031,1.2683669328689575
481,268465.0,51.75177849736786,-1.2575401159272426,169.59999084472656,12.63700008392334,71.96842956542969,1.2820184230804443
482,268788.0,51.75178019736762,-1.2575326583119868,169.59999084472656,12.612000465393066,65.84786224365234,1.261419653892517
483,269322.0,51.75178389736736,-1.257524802957604,169.59999084472656,12.649999618530273,49.79142761230469,1.1023715734481812
484,270007.0,51.75178999736728,-1.2575205272586159,169.59999084472656,12.604999542236328,12.586694717407227,0.9739830493927002
485,270464.0,51.75179289736725,-1.2575231125651625,169.59999084472656,12.539999961853027,341.52886962890625,0.6985720992088318
486,271342.0,51.75180289736522,-1.2575449882324592,169.59999084472656,12.295000076293945,304.18927001953125,0.8789447546005249
487,271839.0,51.75180889736327,-1.2575664661622263,169.59999084472656,12.071000099182129,268.0495910644531,0.9675203561782837
488,272466.0,51.751808397362346,-1.2575811825236307,169.59999084472656,11.89900016784668,249.61309814453125,1.1155612468719482
489,273088.0,51.75180519736107,-1.2575983847579333,169.59999084472656,11.720000267028809,236.76571655273438,1.2926146984100342
490,273454.0,51.75180209736081,-1.25760643898323,169.59999084472656,11.6850004196167,230.679931640625,1.3403879404067993
491,274262.0,51.75179419735996,-1.2576204593028515,169.59999084472656,11.48799991607666,220.24017333984375,1.3836356401443481
492,274479.0,51.75179069735996,-1.2576228457400032,169.59999084472656,11.295999526977539,208.68228149414062,1.3341329097747803
493,274923.0,51.75178309735992,-1.2576262265262799,169.59999084472656,11.269000053405762,193.51206970214844,1.2975393533706665
494,275458.0,51.75177379735994,-1.2576267237007523,169.59999084472656,11.147000312805176,176.7357940673828,1.2870848178863525
495,276184.0,51.75176649735993,-1.2576255304820705,169.59999084472656,10.687999725341797,163.18954467773438,1.3296464681625366
496,276861.0,51.751765497359905,-1.2576230446101624,169.59999084472656,10.689000129699707,151.69345092773438,1.2906379699707031
497,277438.0,51.75176179735977,-1.2576176751265158,169.59999084472656,10.690999984741211,144.65884399414062,1.305311918258667
498,278123.0,51.75175729735959,-1.2576109135543907,169.59999084472656,10.663000106811523,140.0641326904297,1.329545259475708
499,278464.0,51.751754297359504,-1.2576066378545097,169.59999084472656,10.67199993133545,138.01934814453125,1.3355733156204224
500,278762.0,51.75175049735942,-1.2576019644150183,169.59999084472656,10.652000427246094,135.3665008544922,1.337010145187378
501,279471.0,51.75174409735907,-1.257592816405263,169.59999084472656,10.729000091552734,128.5347137451172,1.3180749416351318
502,279942.0,51.75173999735879,-1.257584762179686,169.59999084472656,10.685999870300293,120.68630981445312,1.2893174886703491
503,280451.0,51.7517368973584,-1.257575116996178,169.59999084472656,10.758000373840332,109.59254455566406,1.2590279579162598
504,281343.0,51.75173519735759,-1.2575612955480697,169.59999084472656,11.024999618530273,101.25161743164062,1.2713608741760254
505,281479.0,51.75173589735756,-1.2575590085459867,169.59999084472656,11.015999794006348,101.05403900146484,1.2698538303375244
506,282361.0,51.75173819735668,-1.2575444910550235,169.59999084472656,11.012999534606934,83.79471588134766,1.257059931755066
507,282962.0,51.751740697356176,-1.2575335532194203,169.59999084472656,11.02400016784668,77.9468765258789,1.3020788431167603
508,283468.0,51.75174169735573,-1.257523311427563,169.59999084472656,11.060999870300293,82.37263488769531,1.3111542463302612
509,284221.0,51.751741597354695,-1.2575076007173407,169.59999084472656,11.088000297546387,90.00096893310547,1.3262070417404175
510,284467.0,51.75174099735452,-1.257501038015529,169.59999084472656,11.086999893188477,93.18013763427734,1.337905764579773
511,285465.0,51.75173899735204,-1.257476875339917,169.59999084472656,11.038999557495117,95.06098175048828,1.372254490852356
512,286042.0,51.75173959735121,-1.2574627555879052,169.59999084472656,10.871999740600586,94.70367431640625,1.3833311796188354
513,286719.0,51.751740897350736,-1.2574520166217555,169.59999084472656,10.925000190734863,99.00696563720703,1.3668737411499023
514,287341.0,51.75173929735015,-1.2574404821758873,169.59999084472656,11.003999710083008,102.25504302978516,1.3626301288604736
515,287940.0,51.7517365973497,-1.2574301409482995,169.59999084472656,11.048999786376953,106.76478576660156,1.3454110622406006
516,288458.0,51.75173329734939,-1.2574216889833263,169.59999084472656,11.125,110.18408966064453,1.3168444633483887
517,289184.0,51.751727097348976,-1.2574119443642486,169.59999084472656,11.126999855041504,116.25859069824219,1.2575128078460693
518,289470.0,51.75172279734893,-1.2574086630130616,169.59999084472656,11.081000328063965,119.92675018310547,1.216060757637024
519,290401.0,51.751713497348604,-1.257399813307349,169.59999084472656,10.970000267028809,127.64137268066406,1.1250085830688477
520,290977.0,51.751706997348606,-1.2573986200886735,169.59999084472656,11.069999694824219,136.5577850341797,1.0337530374526978
521,291447.0,51.751705897348515,-1.2574031940930501,169.59999084472656,11.048999786376953,140.90740966796875,0.989467978477478
522,291698.0,51.751705497348404,-1.2574084641414895,169.59999084472656,11.03600025177002,145.77392578125,0.9504455924034119
523,292259.0,51.75170229734838,-1.2574109500135506,169.59999084472656,11.092000007629395,150.53289794921875,0.9225127696990967
524,292938.0,51.751697997348174,-1.2574179104554974,169.59999084472656,11.086999893188477,158.9114990234375,0.8937615752220154
525,293457.0,51.75169359734814,-1.2574209929369409,169.59999084472656,11.072999954223633,162.9906005859375,0.8848193287849426
526,294059.0,51.75168769734797,-1.2574272573349279,169.59999084472656,11.067999839782715,169.98025512695312,0.8746080994606018
527,294455.0,51.751683297347924,-1.2574307375559195,169.59999084472656,11.057999610900879,173.163818359375,0.8630443215370178
528,295299.0,51.75167549734775,-1.2574373002588652,169.59999084472656,11.14799976348877,179.15040588378906,0.8349598050117493
529,295956.0,51.75167059734754,-1.2574441612660567,169.59999084472656,11.14799976348877,184.75660705566406,0.7857484817504883
530,296471.0,51.75166979734718,-1.2574532098399385,169.59999084472656,11.388999938964844,187.87228393554688,0.7551446557044983
531,297178.0,51.751670897346685,-1.2574639488062886,169.59999084472656,11.739999771118164,192.26559448242188,0.6668605208396912
532,297476.0,51.751671797346575,-1.2574691194197387,169.59999084472656,11.940999984741211,196.73910522460938,0.605118453502655
533,297818.0,51.75167609734655,-1.2574718041611332,169.59999084472656,12.015999794006348,220.2901611328125,0.26222407817840576
534,298406.0,51.75167629734649,-1.2574756821212771,169.59999084472656,12.177000045776367,240.62811279296875,0.18994967639446259
535,299082.0,51.7516742973464,-1.2574802561257743,169.59999084472656,12.446000099182129,251.03500366210938,0.1763741374015808
536,299448.0,51.75167219734638,-1.2574821453885063,169.59999084472656,12.395000457763672,251.88616943359375,0.18094325065612793
537,300298.0,51.75166859734629,-1.2574870176978228,169.59999084472656,12.565999984741211,252.65664672851562,0.2007748931646347
538,300937.0,51.75166509734616,-1.2574927849210866,169.59999084472656,12.776000022888184,252.79432678222656,0.24268922209739685
539,301475.0,51.75166449734596,-1.2574997453625107,169.59999084472656,12.861000061035156,253.12229919433594,0.2704491913318634
540,302282.0,51.7516642973455,-1.2575102854594318,169.59999084472656,12.9350004196167,239.86766052246094,0.4902358949184418
541,302840.0,51.75166119734485,-1.2575225159500478,169.59999084472656,12.95300006866455,234.71507263183594,0.7888504266738892
542,303468.0,51.751657597344455,-1.2575322605687027,169.59999084472656,12.928000450134277,233.96652221679688,0.9119895696640015
543,304080.0,51.75165259734366,-1.257545982583166,169.59999084472656,12.980999946594238,233.30865478515625,1.0634825229644775
544,304467.0,51.75164899734326,-1.2575557272018385,169.59999084472656,13.012999534606934,231.72779846191406,1.1264203786849976
545,305279.0,51.75164189734211,-1.2575722333939527,169.59999084472656,12.97599983215332,228.3690948486328,1.1997257471084595
546,305881.0,51.75163639734147,-1.2575845633201694,169.59999084472656,12.949999809265137,224.27938842773438,1.230157732963562
547,306458.0,51.751634697340904,-1.2575960977663092,169.59999084472656,13.315999984741211,223.4405517578125,1.2305455207824707
548,307087.0,51.75163449734029,-1.2576082288213293,169.59999084472656,13.574000358581543,225.5276336669922,1.235128402709961
549,307446.0,51.75163299734007,-1.2576155870024572,169.59999084472656,13.659000396728516,227.37010192871094,1.240732192993164
550,308417.0,51.751626997338676,-1.2576337835873521,169.59999084472656,13.819999694824219,229.94976806640625,1.2511827945709229
551,308938.0,51.75162289733804,-1.2576461135132206,169.59999084472656,13.802000045776367,232.2734375,1.2421140670776367
552,309453.0,51.751618997337594,-1.2576563553064448,169.59999084472656,13.739999771118164,233.7739715576172,1.2351529598236084
553,310158.0,51.75161439733683,-1.257669878451119,169.59999084472656,13.800000190734863,236.76278686523438,1.2126023769378662
554,310858.0,51.751610597336274,-1.2576814128978515,169.59999084472656,13.746999740600586,238.38458251953125,1.1902562379837036
555,311421.0,51.75161309733583,-1.2576917541245087,169.59999084472656,13.930000305175781,239.4220428466797,1.1781830787658691
556,312080.0,51.75161819733518,-1.2577040840478777,169.59999084472656,13.522000312805176,245.26608276367188,1.1571990251541138
557,312446.0,51.751619897334955,-1.257711442228504,169.59999084472656,13.331000328063965,248.96827697753906,1.1552188396453857
558,313238.0,51.75162129733404,-1.2577262580247242,169.59999084472656,13.241000175476074,251.07688903808594,1.160404920578003
559,313466.0,51.751621197333925,-1.257731627508096,169.59999084472656,13.128000259399414,251.12742614746094,1.1642134189605713
560,313881.0,51.75161939733362,-1.2577401789078662,169.59999084472656,13.116999626159668,250.98739624023438,1.162906527519226
561,314449.0,51.75161699733314,-1.2577508184402844,169.59999084472656,13.163000106811523,251.36614990234375,1.1602445840835571
562,315137.0,51.75161359733237,-1.2577643415846012,169.59999084472656,13.347000122070312,252.2520294189453,1.16953444480896
563,315464.0,51.75161139733217,-1.2577712025914651,169.59999084472656,13.319000244140625,252.27139282226562,1.178709864616394
564,316018.0,51.751608397331744,-1.2577813449496236,169.59999084472656,13.51099967956543,252.60836791992188,1.1831170320510864
565,317138.0,51.7516110973301,-1.2578009336192706,169.59999084472656,13.086999893188477,252.51527404785156,1.1587003469467163
566,317697.0,51.751618097329796,-1.2578096838870998,169.59999084472656,12.717000007629395,251.2700653076172,1.1181551218032837
567,318423.0,51.75161819732929,-1.2578206217235572,169.59999084472656,12.652999877929688,249.60305786132812,1.0964666604995728
568,319020.0,51.75161869732908,-1.2578278804695049,169.59999084472656,12.4399995803833,253.13658142089844,0.828092098236084
569,319447.0,51.75161809732899,-1.2578326533436692,169.59999084472656,12.322999954223633,254.69509887695312,0.6788268685340881
570,320418.0,51.75161569732858,-1.2578423979621485,169.59999084472656,12.168000221252441,258.1181640625,0.5707197785377502
571,321037.0,51.751612397328344,-1.257849855578485,169.59999084472656,12.097000122070312,265.7580261230469,0.5709021091461182
572,321452.0,51.75161659732825,-1.2578545290172758,169.59999084472656,11.907999992370605,267.21697998046875,0.5782671570777893
573,322335.0,51.751625797327996,-1.2578622849360983,169.59999084472656,11.717000007629395,291.0325927734375,0.6544890403747559
574,323160.0,51.75163379732781,-1.257868847636804,169.59999084472656,11.692000389099121,312.05975341796875,0.6688970327377319
575,323875.0,51.75164009732782,-1.2578708363340598,169.59999084472656,11.586999893188477,341.001220703125,0.6275575160980225
576,324463.0,51.75164429732782,-1.2578707368991926,169.59999084472656,11.538000106811523,5.084194660186768,0.6350108981132507
577,325084.0,51.75164789732774,-1.257866361764975,169.59999084472656,11.458000183105469,24.767335891723633,0.605613648891449
578,325463.0,51.751648997327685,-1.257862583239761,169.59999084472656,11.347000122070312,42.6566047668457,0.5144772529602051
579,326079.0,51.751649497327364,-1.2578539324056037,169.59999084472656,11.347000122070312,69.69432830810547,0.5445513129234314
580,326895.0,51.75165189732614,-1.2578369290426392,169.59999084472656,11.368000030517578,93.3790054321289,0.6595425009727478
581,327444.0,51.75165379732571,-1.2578267866856747,169.59999084472656,11.366000175476074,101.16426086425781,0.6968096494674683
582,328205.0,51.75165529732481,-1.2578120703244633,169.59999084472656,11.359000205993652,101.93223571777344,0.6626343727111816
583,328799.0,51.75165509732419,-1.2577999392694938,169.59999084472656,11.37399959564209,103.0123062133789,0.6609388589859009
584,329444.0,51.75165389732379,-1.2577901946513497,169.59999084472656,11.449000358581543,103.64629364013672,0.6835792660713196
585,330255.0,51.75165179732295,-1.2577760748982407,169.59999084472656,11.595999717712402,100.40576934814453,0.7283617258071899
586,330447.0,51.75164959732279,-1.257769711065837,169.59999084472656,11.571000099182129,93.2892837524414,0.7463434338569641
587,331056.0,51.75164819732239,-1.2577600658825177,169.59999084472656,11.59000015258789,79.3600082397461,0.7446734309196472
588,331795.0,51.751654297321316,-1.2577441563044467,169.59999084472656,11.670999526977539,57.8469352722168,0.7623549103736877
589,332418.0,51.7516627973211,-1.2577369969947074,169.59999084472656,11.720999717712402,28.738872528076172,0.6607893109321594
590,333041.0,51.751673497320986,-1.2577316275126764,169.59999084472656,11.720000267028809,359.9483947753906,0.7878369092941284
591,333449.0,51.751678897320986,-1.257731130338357,169.59999084472656,11.670999526977539,347.99493408203125,0.8711650371551514
592,334282.0,51.75168719732096,-1.2577330196006482,169.59999084472656,11.552000045776367,338.7325134277344,1.0006486177444458
593,334472.0,51.751689397320945,-1.2577340139493565,169.59999084472656,11.49899959564209,336.8327941894531,1.040818452835083
594,334978.0,51.75169289732093,-1.2577366986907892,169.59999084472656,11.409000396728516,336.1953125,1.0767216682434082
595,335447.0,51.75169549732092,-1.257737991344097,169.59999084472656,11.277999877929688,336.46221923828125,1.0959781408309937
596,336106.0,51.751699397320905,-1.2577401789111682,169.59999084472656,11.166000366210938,335.92742919921875,1.1362662315368652
597,336766.0,51.75170389732089,-1.2577422670433427,169.59999084472656,11.055000305175781,335.8910217285156,1.1861854791641235
598,337369.0,51.75170919732083,-1.2577459461332958,169.59999084472656,11.104999542236328,333.97119140625,1.2111105918884277
599,337993.0,51.7517139973208,-1.2577485314397754,169.59999084472656,11.105999946594238,331.7506103515625,1.236019253730774
600,338462.0,51.75171839732077,-1.2577512161811408,169.59999084472656,11.16100025177002,331.1608581542969,1.2457170486450195
601,339169.0,51.75172459732073,-1.2577541992269798,169.59999084472656,11.211999893188477,332.6527099609375,1.2519999742507935
602,339465.0,51.75172759732074,-1.257754497531585,169.59999084472656,11.215999603271484,334.1405944824219,1.2554492950439453
603,340391.0,51.75173589732068,-1.2577579777515608,169.59999084472656,11.170999526977539,336.9212646484375,1.2479641437530518
604,341073.0,51.75174169732067,-1.257759071535041,169.59999084472656,11.267000198364258,340.41595458984375,1.2204463481903076
605,341112.0,51.75174219732067,-1.2577577788816856,169.59999084472656,11.300000190734863,342.6600036621094,1.2115528583526611
606,341628.0,51.751753397320634,-1.2577550941407434,169.59999084472656,11.26099967956543,349.4227600097656,1.2128653526306152
607,342348.0,51.751765797320616,-1.2577532048786537,169.59999084472656,11.23900032043457,359.63531494140625,1.2135615348815918
608,342992.0,51.75177759732038,-1.2577457472650615,169.59999084472656,11.100000381469727,11.9945650100708,1.219099521636963
609,343446.0,51.751782997320255,-1.2577399800430726,169.59999084472656,11.130999565124512,24.236669540405273,1.1555287837982178
610,344147.0,51.75178799731951,-1.2577267552063391,169.59999084472656,11.07699966430664,46.930389404296875,1.05238938331604
611,344465.0,51.751786597319104,-1.2577168117186617,169.59999084472656,11.04699993133545,64.58843994140625,1.007379174232483
612,345450.0,51.75178449731714,-1.2576952343500576,169.59999084472656,11.0,88.67466735839844,1.0844054222106934
613,346034.0,51.75177919731633,-1.2576815123358571,169.59999084472656,10.984999656677246,103.84065246582031,1.1426764726638794
614,346464.0,51.75177539731594,-1.25767206602204,169.59999084472656,10.840999603271484,108.32432556152344,1.164605736732483
615,347147.0,51.751770897315396,-1.2576606310103893,169.59999084472656,10.89799976348877,119.60934448242188,1.1574829816818237
616,347462.0,51.75176739731531,-1.2576560570058268,169.59999084472656,10.96500015258789,128.9341583251953,1.1352910995483398
617,348330.0,51.75175839731486,-1.2576456163419485,169.59999084472656,11.062000274658203,139.83041381835938,1.1418163776397705
618,348446.0,51.751754997314826,-1.2576434287745486,169.59999084472656,11.092000007629395,141.92039489746094,1.1538852453231812
619,349006.0,51.75174819731464,-1.2576365677671772,169.59999084472656,11.098999977111816,143.63462829589844,1.1610994338989258
620,349478.0,51.751741397314554,-1.2576315960226983,169.59999084472656,11.182999610900879,148.42623901367188,1.1546357870101929
621,350267.0,51.751730397314375,-1.257624933884462,169.59999084472656,11.475000381469727,158.7852783203125,1.1370840072631836
622,350830.0,51.751721197314325,-1.2576215530980228,169.59999084472656,11.687000274658203,164.89315795898438,1.15682852268219
623,351393.0,51.75171369731433,-1.2576195644001888,169.59999084472656,11.92300033569336,166.29478454589844,1.1663557291030884
624,352110.0,51.75170569731429,-1.2576163824836146,169.59999084472656,12.109999656677246,161.3498992919922,1.1797600984573364
625,352460.0,51.75170159731424,-1.2576132005673124,169.59999084472656,12.217000007629395,156.8974151611328,1.182860016822815
626,353406.0,51.75169049731385,-1.257603754251805,169.59999084472656,12.423999786376953,151.7686767578125,1.1928614377975464
627,354452.0,51.75167849731319,-1.257591225454115,169.59999084472656,12.527000427246094,148.0206298828125,1.1890826225280762
628,355072.0,51.75167159731286,-1.2575821768790145,169.59999084472656,12.467000007629395,145.3202362060547,1.1811542510986328
629,355445.0,51.75166779731269,-1.2575762107859467,169.59999084472656,12.418999671936035,141.84764099121094,1.1722781658172607
630,355712.0,51.751664797312515,-1.2575695486488014,169.59999084472656,12.338000297546387,135.94090270996094,1.1470246315002441
631,356245.0,51.75166349731211,-1.2575597045957758,169.59999084472656,12.28499984741211,131.4032745361328,1.1380484104156494
632,356985.0,51.75166589731146,-1.25754737467179,169.59999084472656,12.173999786376953,103.15792083740234,0.9907068014144897
633,357464.0,51.75166839731113,-1.257538524968308,169.59999084472656,12.157999992370605,84.47467041015625,1.0037320852279663
634,358246.0,51.751672997310386,-1.2575253001311477,169.59999084472656,12.079999923706055,67.28512573242188,0.9537026882171631
635,358458.0,51.751674897310345,-1.2575220187803793,169.59999084472656,12.006999969482422,59.47989273071289,0.901236355304718
636,359445.0,51.75168029730988,-1.2575114786847996,169.59999084472656,11.95300006866455,47.14313888549805,0.7994757890701294
637,359464.0,51.75168139730987,-1.2575098877268251,169.59999084472656,11.854999542236328,41.390262603759766,0.8958697319030762
638,359991.0,51.751685697309775,-1.2575049159835114,169.59999084472656,11.805999755859375,32.05814743041992,0.9635900259017944
639,360692.0,51.75169259730969,-1.2575004414147932,169.59999084472656,11.711000442504883,17.218360900878906,1.0869389772415161
